"Collection","Variable Name","Type","Value"
"Global Primitives","Color/Navy/950","COLOR","#030C1E"
"Global Primitives","Color/Navy/900","COLOR","#081632"
"Global Primitives","Color/Navy/800","COLOR","#0F172A"
"Global Primitives","Color/Navy/700","COLOR","#1E293B"
"Global Primitives","Color/Gold/500","COLOR","#F5A623"
"Global Primitives","Color/Gold/400","COLOR","#FFB84D"
"Global Primitives","Color/Gold/600","COLOR","#D48806"
"Global Primitives","Color/Emerald/500","COLOR","#10B981"
"Global Primitives","Color/Cyan/400","COLOR","#38BDF8"
"Global Primitives","Color/Crimson/500","COLOR","#EF4444"
"Global Primitives","Color/Amber/500","COLOR","#F59E0B"
"Global Primitives","Spacing/1","FLOAT","4"
"Global Primitives","Spacing/2","FLOAT","8"
"Global Primitives","Spacing/4","FLOAT","16"
"Global Primitives","Spacing/6","FLOAT","24"
"Global Primitives","Radius/Subtle","FLOAT","8"
"Global Primitives","Radius/Medium","FLOAT","12"
